Organisation Name,Purchase_Order_Number,Order_Date,Total_Value,Supplier_Name,Account_Name,Service
Rochdale Borough Council,d1072918,02/01/2018,"£38,857.00 ",MANCHESTER CITY COUNCIL,AGMA,NEIGHBOURHOODS AND ENVIRONMENT
Rochdale Borough Council,e1025017,02/01/2018,"£21,036.51 ",INSPIREDSPACES ROCHDALE LTD,ARCHITECTS FEES,EARLY HELP AND SCHOOLS
Rochdale Borough Council,d1072920,03/01/2018,"£148,429.00 ",JACKSON JACKSON AND SONS LTD,MINOR BUILDING WORKS,PROPERTY AND HIGHWAYS
Rochdale Borough Council,ph102391,03/01/2018,"£17,867.95 ",SAFENET DOMESTIC ABUSE SERVICE,PH OTHER CONTRACTS,PUBLIC HEALTH
Rochdale Borough Council,ph102392,03/01/2018,"£327,779.00 ",PENNINE CARE NHS,PH PENNINE CARE CONTRACT,PUBLIC HEALTH
Rochdale Borough Council,r1001748,03/01/2018,"£8,649.00 ",A B MARKETS,PROFESSIONAL FEES,ECONOMY DIRECTORATE
Rochdale Borough Council,d1072960,04/01/2018,"£28,500.00 ",EMO OIL LIMITED,TRANSACTIONS-EXPENDITURE,NEIGHBOURHOODS AND ENVIRONMENT
Rochdale Borough Council,d1072985,04/01/2018,"£9,575.36 ",AVK SEG UK LTD,PURCHASE OF ICT HARDWARE,NEIGHBOURHOODS AND ENVIRONMENT
Rochdale Borough Council,ph102400,04/01/2018,"£32,500.00 ",COUNCIL FOR VOLUNTARY SERVICE ROCHDALE,PH OTHER CONTRACTS,PUBLIC HEALTH
Rochdale Borough Council,s1022408,04/01/2018,"£5,600.00 ",ACTION FIRST IPEOPLE LTD,FEES / COMMISSION,PHYSICAL DIS & OLDER PEOPLE
Rochdale Borough Council,s1022412,04/01/2018,"£6,009.00 ",STANNAH LIFT SERVICES LTD,MINOR BUILDING WORKS,PHYSICAL DIS & OLDER PEOPLE
Rochdale Borough Council,x1015027,04/01/2018,"£8,827.43 ",SPORT WORKS GTR MANCHESTER LTD,ACTIVITIES,EARLY HELP AND SCHOOLS
Rochdale Borough Council,f1006131,05/01/2018,"£5,000.00 ",ROCHDALE ONLINE LIMITED,ADVERTISING -STAFF,RESOURCES
Rochdale Borough Council,d1073043,08/01/2018,"£150,000.00 ",ROCHDALE BOROUGHWIDE HOUSING,GRANTS TO OTHER BODIES,NEIGHBOURHOODS AND ENVIRONMENT
Rochdale Borough Council,d1073044,08/01/2018,"£147,000.00 ",ROCHDALE BOROUGHWIDE HOUSING,GRANTS TO OTHER BODIES,NEIGHBOURHOODS AND ENVIRONMENT
Rochdale Borough Council,d1073045,08/01/2018,"£140,000.00 ",ROCHDALE BOROUGHWIDE HOUSING,GRANTS TO OTHER BODIES,NEIGHBOURHOODS AND ENVIRONMENT
Rochdale Borough Council,d1073046,08/01/2018,"£135,000.00 ",ROCHDALE BOROUGHWIDE HOUSING,GRANTS TO OTHER BODIES,NEIGHBOURHOODS AND ENVIRONMENT
Rochdale Borough Council,d1073047,08/01/2018,"£133,000.00 ",ROCHDALE BOROUGHWIDE HOUSING,GRANTS TO OTHER BODIES,NEIGHBOURHOODS AND ENVIRONMENT
Rochdale Borough Council,d1073048,08/01/2018,"£130,000.00 ",ROCHDALE BOROUGHWIDE HOUSING,GRANTS TO OTHER BODIES,NEIGHBOURHOODS AND ENVIRONMENT
Rochdale Borough Council,d1073049,08/01/2018,"£125,000.00 ",ROCHDALE BOROUGHWIDE HOUSING,GRANTS TO OTHER BODIES,NEIGHBOURHOODS AND ENVIRONMENT
Rochdale Borough Council,d1073050,08/01/2018,"£120,000.00 ",ROCHDALE BOROUGHWIDE HOUSING,GRANTS TO OTHER BODIES,NEIGHBOURHOODS AND ENVIRONMENT
Rochdale Borough Council,d1073062,08/01/2018,"£10,256.00 ",A B MARKETS,PROFESSIONAL FEES,ECONOMY DIRECTORATE
Rochdale Borough Council,e1025046,08/01/2018,"£21,248.00 ",OLDHAM COUNCIL,OTHER EST - SEN PROVISION,EARLY HELP AND SCHOOLS
Rochdale Borough Council,e1025048,08/01/2018,"£15,556.00 ",OLDHAM COUNCIL,OTHER EST - SEN PROVISION,EARLY HELP AND SCHOOLS
Rochdale Borough Council,ph102411,08/01/2018,"£9,000.00 ",THE ESSENTIAL PARENT COMPANY LTD,PH PENNINE CARE CONTRACT,PUBLIC HEALTH
Rochdale Borough Council,r1001752,08/01/2018,"£23,725.98 ",BRAHM FUNDCO 2 LTD,PFI SCHEMES RPI,ECONOMY DIRECTORATE
Rochdale Borough Council,x1015045,08/01/2018,"£36,600.41 ",BOLTON MBC,FEES / COMMISSION,CHILDRENíS SOCIAL CARE
Rochdale Borough Council,s1022427,09/01/2018,"£6,650.00 ",ACTION FIRST IPEOPLE LTD,FEES / COMMISSION,PHYSICAL DIS & OLDER PEOPLE
Rochdale Borough Council,s1022436,09/01/2018,"£8,260.00 ",BROADWAY BUILDING CONTRACTORS OLDHAM LTD,TRANSACTIONS-EXPENDITURE,PHYSICAL DIS & OLDER PEOPLE
Rochdale Borough Council,d1073118,10/01/2018,"£5,063.92 ",NORTHGATE VEHICLE HIRE LIMITED,EQUIPMENT - GENERAL,PROPERTY AND HIGHWAYS
Rochdale Borough Council,d1073121,10/01/2018,"£5,288.00 ",EMO OIL LIMITED,OIL,NEIGHBOURHOODS AND ENVIRONMENT
Rochdale Borough Council,w1001846,10/01/2018,"£100,000.00 ",NHS HEYWOOD MIDDLETON AND ROCHDALE CCG,SERVICE LEVEL AGREEMENTS,PHYSICAL DIS & OLDER PEOPLE
Rochdale Borough Council,d1073166,11/01/2018,"£5,000.00 ",LANES GROUP PLC,EQUIPMENT - GENERAL,NEIGHBOURHOODS AND ENVIRONMENT
Rochdale Borough Council,d1073173,11/01/2018,"£7,526.53 ",VODAFONE LTD,MINOR BUILDING WORKS,PROPERTY AND HIGHWAYS
Rochdale Borough Council,d1073174,11/01/2018,"£27,786.24 ",AECOM INFRASTRUCTURE AND ENVIRONMENT UK LTD,TRANSACTIONS-EXPENDITURE,PROPERTY AND HIGHWAYS
Rochdale Borough Council,d1073196,11/01/2018,"£5,500.00 ",ROCHDALE AND DISTRICT DISABLED ACTION GRP,GRANTS TO THE NON VOLUNTARY SECTOR,NEIGHBOURHOODS AND ENVIRONMENT
Rochdale Borough Council,d1073197,11/01/2018,"£166,037.36 ",PROCESSFLOWS UK LTD,SOFTWARE,NEIGHBOURHOODS AND ENVIRONMENT
Rochdale Borough Council,d1073202,11/01/2018,"£47,676.52 ",CIVICA UK LIMITED,SOFTWARE,NEIGHBOURHOODS AND ENVIRONMENT
Rochdale Borough Council,e1025088,11/01/2018,"£193,042.90 ",AXIOM EDUCATION ROCHDALE LIMITED,NEW CONSTRUCTION,EARLY HELP AND SCHOOLS
Rochdale Borough Council,e1025089,11/01/2018,"£338,708.43 ",INSPIREDSPACES ROCHDALE PROJECT CO1 LTD,PFI SCHEMES RPIX,EARLY HELP AND SCHOOLS
Rochdale Borough Council,e1025095,11/01/2018,"£408,612.67 ",INSPIREDSPACES ROCHDALE PROJECTCO2 LTD,PFI SCHEMES RPIX,EARLY HELP AND SCHOOLS
Rochdale Borough Council,f1006141,11/01/2018,"£5,796.51 ",HSBC MERCHANT SERVICES,BANK CHARGES,RESOURCES
Rochdale Borough Council,s1022451,11/01/2018,"£31,900.00 ",HIGH BARN CONSTRUCTION LIMITED,TRANSACTIONS-EXPENDITURE,PHYSICAL DIS & OLDER PEOPLE
Rochdale Borough Council,s1022453,11/01/2018,"£5,763.00 ",STANNAH LIFT SERVICES LTD,MINOR BUILDING WORKS,PHYSICAL DIS & OLDER PEOPLE
Rochdale Borough Council,w1001848,11/01/2018,"£25,750.00 ",THE STROKE ASSOCIATION,VOLUNTARY ASSOCIATIONS,BETTER CARE FUND POOLED BUDGET
Rochdale Borough Council,d1073219,12/01/2018,"£5,000.00 ",STREAMLINE TAXIS,TAXI HIRE,NEIGHBOURHOODS AND ENVIRONMENT
Rochdale Borough Council,d1073245,15/01/2018,"£26,975.00 ",PARTNERSHIPS FOR BETTER BUSINESS LTD,ACTIVITIES,ECONOMY DIRECTORATE
Rochdale Borough Council,d1073256,15/01/2018,"£88,782.61 ",KABERRY CONSTRUCTION LIMITED,MINOR BUILDING WORKS,PROPERTY AND HIGHWAYS
Rochdale Borough Council,d1073299,16/01/2018,"£10,575.00 ",FAUN ZOELLER UK LTD,EQUIPMENT - GENERAL,NEIGHBOURHOODS AND ENVIRONMENT
Rochdale Borough Council,d1073316,16/01/2018,"£31,820.27 ",NORTHGATE PUBLIC SERVICES UK LTD,SOFTWARE,NEIGHBOURHOODS AND ENVIRONMENT
Rochdale Borough Council,d1073317,16/01/2018,"£133,855.00 ",BT WHOLESALE BROADBAND,COMMUNICATION AND COMPUTING - GENERAL,NEIGHBOURHOODS AND ENVIRONMENT
Rochdale Borough Council,s1022466,16/01/2018,"£23,250.00 ",PETRUS,SERVICE LEVEL AGREEMENTS,LEARNING DIS & MENTAL HEALTH
Rochdale Borough Council,d1073319,17/01/2018,"£9,083.60 ",ROCHDALE BOROUGHWIDE HOUSING,CONTRACTED SERVICES,NEIGHBOURHOODS AND ENVIRONMENT
Rochdale Borough Council,d1073320,17/01/2018,"£15,200.77 ",CARIBOU GREEN WARMTH LLP,GRANTS TO THE NON VOLUNTARY SECTOR,NEIGHBOURHOODS AND ENVIRONMENT
Rochdale Borough Council,d1073329,17/01/2018,"£6,930.00 ",ROCHDALE BOROUGH SHOPMOBILITY,GRANTS TO THE VOLUNTARY SECTOR,ECONOMY DIRECTORATE
Rochdale Borough Council,e1025122,17/01/2018,"£37,100.00 ",POSITIVE STEPS,EXTERNALLY MANAGED FUNDS,EARLY HELP AND SCHOOLS
Rochdale Borough Council,x1015079,17/01/2018,"£5,260.00 ",POSITIVE BEHAVIOUR STRATEGIES LTD,TIPPING CHARGES,CHILDRENíS SOCIAL CARE
Rochdale Borough Council,d1073358,18/01/2018,"£6,448.00 ",EVERYTHING EVERYWHERE,MOBILE PHONE,PHYSICAL DIS & OLDER PEOPLE
Rochdale Borough Council,s1022469,18/01/2018,"£11,730.20 ",CAREWATCH CARE SERVICES LTD,HOME CARE - ADULT SERVICES,PHYSICAL DIS & OLDER PEOPLE
Rochdale Borough Council,s1022476,18/01/2018,"£28,181.05 ",BROADWAY BUILDING CONTRACTORS OLDHAM LTD,MINOR BUILDING WORKS,PHYSICAL DIS & OLDER PEOPLE
Rochdale Borough Council,s1022477,18/01/2018,"£35,012.73 ",K P DODD CONSTRUCTION LIMITED,MINOR BUILDING WORKS,PHYSICAL DIS & OLDER PEOPLE
Rochdale Borough Council,d1073402,19/01/2018,"£7,834.60 ",SSI SCHAEFER LIMITED,PURCHASE OF FURNITURE AND EQUIPMENT,NEIGHBOURHOODS AND ENVIRONMENT
Rochdale Borough Council,d1073403,19/01/2018,"£11,392.00 ",UNIQWIN UK LIMITED,PUBLIC NOTICES,NEIGHBOURHOODS AND ENVIRONMENT
Rochdale Borough Council,d1073410,19/01/2018,"£29,721.00 ",STANDARD FUEL OILS,TRANSACTIONS-EXPENDITURE,NEIGHBOURHOODS AND ENVIRONMENT
Rochdale Borough Council,ph102453,19/01/2018,"£10,588.00 ",MANCHESTER UNIVERSITY NHS FOUNDATION  TRUST MFT,PH OTHER CONTRACTS,PUBLIC HEALTH
Rochdale Borough Council,d1073440,22/01/2018,"£6,555.76 ",GMCA,MINOR BUILDING WORKS,PROPERTY AND HIGHWAYS
Rochdale Borough Council,x1015106,22/01/2018,"£8,910.25 ",ROSS CARE,EQUIPMENT - GENERAL,EARLY HELP AND SCHOOLS
Rochdale Borough Council,x1015109,23/01/2018,"£9,450.00 ",CARTWHEEL ARTS,SEN COSTS MET BY SCHOOLS,EARLY HELP AND SCHOOLS
Rochdale Borough Council,x1015110,23/01/2018,"£5,680.00 ",EARLY EXCELLENCE LTD,COSTS MET BY SCHOOL,EARLY HELP AND SCHOOLS
Rochdale Borough Council,d1073559,24/01/2018,"£16,107.00 ",BEECHWOOD TREE SERVICES NORTHWEST LTD,ENVIRONMENTAL WORKS LANDSCAPE,NEIGHBOURHOODS AND ENVIRONMENT
Rochdale Borough Council,e1025195,24/01/2018,"£22,064.60 ",AXIOM EDUCATION ROCHDALE LIMITED,MEALS,EARLY HELP AND SCHOOLS
Rochdale Borough Council,d1073616,25/01/2018,"£32,767.00 ",LOCAL GOVERNMENT ASSOCIATION,SUBSCRIPTIONS,NEIGHBOURHOODS AND ENVIRONMENT
Rochdale Borough Council,d1073617,25/01/2018,"£10,000.00 ",LUTRA CONSULTING,CONSULTANT FEES,NEIGHBOURHOODS AND ENVIRONMENT
Rochdale Borough Council,d1073618,25/01/2018,"£8,638.00 ",MHR,SOFTWARE,NEIGHBOURHOODS AND ENVIRONMENT
Rochdale Borough Council,d1073619,25/01/2018,"£24,686.50 ",XMA LIMITED,PURCHASE OF ICT HARDWARE,NEIGHBOURHOODS AND ENVIRONMENT
Rochdale Borough Council,d1073620,25/01/2018,"£8,302.00 ",EVERYTHING EVERYWHERE LIMITED,TRANSACTIONS-EXPENDITURE,NEIGHBOURHOODS AND ENVIRONMENT
Rochdale Borough Council,e1025205,25/01/2018,"£82,856.62 ",INSPIREDSPACES ROCHDALE PROJECTCO2 LTD,NEW CONSTRUCTION,EARLY HELP AND SCHOOLS
Rochdale Borough Council,r1001761,25/01/2018,"£5,000.00 ",URBAN VISION PARTNERSHIP LTD,PROFESSIONAL FEES,ECONOMY DIRECTORATE
Rochdale Borough Council,r1001762,25/01/2018,"£5,000.00 ",URBAN VISION PARTNERSHIP LTD,PROFESSIONAL FEES,ECONOMY DIRECTORATE
Rochdale Borough Council,s1022489,25/01/2018,"£34,298.10 ",K P DODD CONSTRUCTION LIMITED,MINOR BUILDING WORKS,PHYSICAL DIS & OLDER PEOPLE
Rochdale Borough Council,d1073631,26/01/2018,"£286,236.46 ",COMMUNITY LIGHTING PARTNERSHIP ROCHDALE LTD,PFI SCHEMES RPIX,PROPERTY AND HIGHWAYS
Rochdale Borough Council,d1073637,26/01/2018,"£32,920.00 ",F S MOULT AND SON,MINOR BUILDING WORKS,PROPERTY AND HIGHWAYS
Rochdale Borough Council,e1025207,26/01/2018,"£697,404.95 ",AXIOM EDUCATION ROCHDALE LIMITED,PFI SCHEMES RPIX,EARLY HELP AND SCHOOLS
Rochdale Borough Council,e1025208,26/01/2018,"£34,486.70 ",TRANSPORT FOR GREATER MANCHESTER,STUDENT TRAVEL,EARLY HELP AND SCHOOLS
Rochdale Borough Council,ph102471,26/01/2018,"£22,695.00 ",IDOX SOFTWARE LTD,SOFTWARE,PUBLIC HEALTH
Rochdale Borough Council,d1073688,29/01/2018,"£7,260.00 ",LIQUIDLOGIC LTD,SOFTWARE LICENSES,NEIGHBOURHOODS AND ENVIRONMENT
Rochdale Borough Council,s1022495,29/01/2018,"£6,300.00 ",ACTION FIRST IPEOPLE LTD,FEES / COMMISSION,PHYSICAL DIS & OLDER PEOPLE
Rochdale Borough Council,s1022497,29/01/2018,"£6,300.00 ",ACTION FIRST IPEOPLE LTD,FEES / COMMISSION,PHYSICAL DIS & OLDER PEOPLE
Rochdale Borough Council,d1073690,30/01/2018,"£7,298.00 ",G A ELECTRICAL DISTRIBUTORS LIMITED,TRANSACTIONS-EXPENDITURE,PROPERTY AND HIGHWAYS
Rochdale Borough Council,d1073707,30/01/2018,"£23,607.00 ",PROTEC FIRE DETECTION PLC,MINOR BUILDING WORKS,PROPERTY AND HIGHWAYS
Rochdale Borough Council,d1073741,30/01/2018,"£24,350.00 ",OLDHAM AND ROCHDALE GROUNDWORK TRUST LTD,CONDITION SURVEYS,NEIGHBOURHOODS AND ENVIRONMENT
Rochdale Borough Council,e1025221,30/01/2018,"£9,331.56 ",ERNST & YOUNG LLP,CONSULTANTS FEES,EARLY HELP AND SCHOOLS
Rochdale Borough Council,f1006185,30/01/2018,"£59,334.00 ",CAPITA BUSINESS SERVICES LIMITED,SOFTWARE,RESOURCES
Rochdale Borough Council,ph102488,30/01/2018,"£7,223.00 ",TURNING POINT,CONTRACTED SERVICES,PUBLIC HEALTH
Rochdale Borough Council,ph102494,30/01/2018,"£6,232.47 ",BRAHM FUNDCO 1 LTD,RENTS,PUBLIC HEALTH
Rochdale Borough Council,ph102495,30/01/2018,"£41,000.00 ",PENNINE CARE NHS,CONTRACTED SERVICES,PUBLIC HEALTH
Rochdale Borough Council,d1073743,31/01/2018,"£13,000.00 ",REDACTED - PERSONAL DATA,PUBLICITY,NEIGHBOURHOODS AND ENVIRONMENT
Rochdale Borough Council,d1073763,31/01/2018,"£28,206.60 ",SSI SCHAEFER LIMITED,EQUIPMENT - GENERAL,NEIGHBOURHOODS AND ENVIRONMENT
Rochdale Borough Council,d1073772,31/01/2018,"£23,940.00 ",CAROLINE BOLTON,LEGAL SERVICES - SUPPORT SERVICE,NEIGHBOURHOODS AND ENVIRONMENT
Rochdale Borough Council,e1025237,31/01/2018,"£11,080.06 ",CRITIQOM LIMITED,PRINTING,EARLY HELP AND SCHOOLS
Rochdale Borough Council,f1006190,31/01/2018,"£6,010.00 ",CIPFA BUSINESS LIMITED,REFERENCE BOOKS/NEWSPAPERS/PERIODICALS,RESOURCES
Rochdale Borough Council,ph102500,31/01/2018,"£17,867.95 ",SAFENET DOMESTIC ABUSE SERVICE,PH OTHER CONTRACTS,PUBLIC HEALTH
Rochdale Borough Council,x1015143,31/01/2018,"£14,333.00 ",AFTER ADOPTION,SUBSIDISED ADOPTERS PMTS,CHILDRENíS SOCIAL CARE
Rochdale Borough Council,d1073804,01/02/2018,"£6,666.07 ",SMARTLOGIC SEMAPHORE LIMITED,SOFTWARE,NEIGHBOURHOODS AND ENVIRONMENT
Rochdale Borough Council,d1073807,01/02/2018,"£8,117.00 ",EMPLOYMENT LAW ADVISORY SERVICES LTD,EQUIPMENT - GENERAL,NEIGHBOURHOODS AND ENVIRONMENT
Rochdale Borough Council,d1073809,01/02/2018,"£20,113.00 ",F R SHARROCK LIMITED,PURCHASE OF PLANT AND MACHINERY,NEIGHBOURHOODS AND ENVIRONMENT
Rochdale Borough Council,d1073810,01/02/2018,"£5,474.24 ",HULME AND POTTS CONTRACTS LTD,TRANSACTIONS-EXPENDITURE,PROPERTY AND HIGHWAYS
Rochdale Borough Council,d1073812,01/02/2018,"£29,643.00 ",STANDARD FUEL OILS,TRANSACTIONS-EXPENDITURE,NEIGHBOURHOODS AND ENVIRONMENT
Rochdale Borough Council,d1073812,01/02/2018,"£29,643.00 ",STANDARD FUEL OILS,TRANSACTIONS-EXPENDITURE,NEIGHBOURHOODS AND ENVIRONMENT
Rochdale Borough Council,d1073815,01/02/2018,"£8,120.39 ",A B MARKETS,PROFESSIONAL FEES,ECONOMY DIRECTORATE
Rochdale Borough Council,d1073821,01/02/2018,"£14,515.00 ",WICKSTEED LEISURE LIMITED,ACTIVITIES,NEIGHBOURHOODS AND ENVIRONMENT
Rochdale Borough Council,d1073822,01/02/2018,"£9,948.00 ",BIBLIOTHECA,SUBSCRIPTIONS,NEIGHBOURHOODS AND ENVIRONMENT
Rochdale Borough Council,x1015166,01/02/2018,"£5,921.00 ",YOUTH JUSTICE BOARD,SERVICE LEVEL AGREEMENTS,CHILDRENíS SOCIAL CARE
Rochdale Borough Council,d1073837,02/02/2018,"£9,000.00 ",AGILE APPLICATIONS LTD,CONSULTANT FEES,NEIGHBOURHOODS AND ENVIRONMENT
Rochdale Borough Council,d1073843,02/02/2018,"£5,390.00 ",PERMASTEELISA  UK LTD,REPAIRS & ALTS OF BUILDINGS,NEIGHBOURHOODS AND ENVIRONMENT
Rochdale Borough Council,d1073849,02/02/2018,"£13,405.00 ",ROADVERT LTD,EQUIPMENT - GENERAL,NEIGHBOURHOODS AND ENVIRONMENT
Rochdale Borough Council,d1073851,02/02/2018,"£14,950.00 ",BALMERS GM LTD,PURCHASE OF PLANT AND MACHINERY,NEIGHBOURHOODS AND ENVIRONMENT
Rochdale Borough Council,d1073852,02/02/2018,"£15,800.00 ",BALMERS GM LTD,PURCHASE OF PLANT AND MACHINERY,NEIGHBOURHOODS AND ENVIRONMENT
Rochdale Borough Council,ph102510,02/02/2018,"£10,004.00 ",MANCHESTER UNIVERSITY NHS FOUNDATION  TRUST MFT,PH OTHER CONTRACTS,PUBLIC HEALTH
Rochdale Borough Council,d1073866,05/02/2018,"£10,550.00 ",EDENHOUSE SOLUTIONS LTD,TRAINING-NON QUALIFICATION,NEIGHBOURHOODS AND ENVIRONMENT
Rochdale Borough Council,d1073872,05/02/2018,"£35,000.00 ",F W SHERRATT LTD,ROADWORKS,PROPERTY AND HIGHWAYS
Rochdale Borough Council,d1073886,05/02/2018,"£49,600.00 ",BALMERS GM LTD,PURCHASE OF PLANT AND MACHINERY,NEIGHBOURHOODS AND ENVIRONMENT
Rochdale Borough Council,d1073889,05/02/2018,"£7,800.00 ",EXPERIAN LIMITED,SOFTWARE,NEIGHBOURHOODS AND ENVIRONMENT
Rochdale Borough Council,e1025282,05/02/2018,"£5,497.87 ",OLDHAM COLLEGE,OTHER EST - SEN PROVISION,EARLY HELP AND SCHOOLS
Rochdale Borough Council,e1025283,05/02/2018,"£6,205.00 ",TRAFFORD MBC,OTHER EST - SEN PROVISION,EARLY HELP AND SCHOOLS
Rochdale Borough Council,f1006201,05/02/2018,"£6,300.00 ",CIPFA BUSINESS LIMITED,TRAINING-NON QUALIFICATION,RESOURCES
Rochdale Borough Council,ph102513,05/02/2018,"£327,779.00 ",PENNINE CARE NHS,PH PENNINE CARE CONTRACT,PUBLIC HEALTH
Rochdale Borough Council,d1073913,06/02/2018,"£173,878.00 ",H BELL AND SONS ROCHDALE LTD,MINOR BUILDING WORKS,PROPERTY AND HIGHWAYS
Rochdale Borough Council,d1073917,06/02/2018,"£8,400.00 ",LIQUIDLOGIC LTD,SOFTWARE,NEIGHBOURHOODS AND ENVIRONMENT
Rochdale Borough Council,d1073920,06/02/2018,"£20,000.00 ",DESIGN SERVICES NW LIMITED,AGENCY,PROPERTY AND HIGHWAYS
Rochdale Borough Council,d1073936,06/02/2018,"£12,919.50 ",RCD LEAFLET DISTRIBUTION,EQUIPMENT - GENERAL,NEIGHBOURHOODS AND ENVIRONMENT
Rochdale Borough Council,d1073943,06/02/2018,"£18,740.00 ",CAD CAPTURE DATA SERVICES LTD,"CLOTHES, UNIFORM AND LAUNDRY",ECONOMY DIRECTORATE
Rochdale Borough Council,e1025286,06/02/2018,"£8,000.00 ",IDOX SOFTWARE LTD,PURCHASE OF ICT SOFTWARE,EARLY HELP AND SCHOOLS
Rochdale Borough Council,e1025286,06/02/2018,"£8,000.00 ",IDOX SOFTWARE LTD,PURCHASE OF ICT SOFTWARE,EARLY HELP AND SCHOOLS
Rochdale Borough Council,ph102518,06/02/2018,"£9,212.50 ",RIS PRODUCTS LTD,CONTRACTED SERVICES,PUBLIC HEALTH
Rochdale Borough Council,s1022527,06/02/2018,"£8,479.00 ",BROADWAY BUILDING CONTRACTORS OLDHAM LTD,MINOR BUILDING WORKS,PHYSICAL DIS & OLDER PEOPLE
Rochdale Borough Council,s1022528,06/02/2018,"£8,479.00 ",BROADWAY BUILDING CONTRACTORS OLDHAM LTD,MINOR BUILDING WORKS,PHYSICAL DIS & OLDER PEOPLE
Rochdale Borough Council,x1015183,06/02/2018,"£16,080.00 ",YOUTH JUSTICE BOARD,SERVICE LEVEL AGREEMENTS,CHILDRENíS SOCIAL CARE
Rochdale Borough Council,x1015184,06/02/2018,"£16,616.00 ",YOUTH JUSTICE BOARD,SERVICE LEVEL AGREEMENTS,CHILDRENíS SOCIAL CARE
Rochdale Borough Council,d1073967,07/02/2018,"£5,006.95 ",GTM ELECTRICAL SERVICES LIMITED,MINOR BUILDING WORKS,ECONOMY DIRECTORATE
Rochdale Borough Council,d1073977,07/02/2018,"£47,520.00 ",CAROLINE BOLTON,LEGAL SERVICES - SUPPORT SERVICE,NEIGHBOURHOODS AND ENVIRONMENT
Rochdale Borough Council,d1073982,07/02/2018,"£7,548.75 ",JGM AGENCY,PUBLICITY,NEIGHBOURHOODS AND ENVIRONMENT
Rochdale Borough Council,ph102531,07/02/2018,"£76,600.00 ",ROCHDALE HOUSING INITIATIVE,CONTRACTED SERVICES,PUBLIC HEALTH
Rochdale Borough Council,ph102533,07/02/2018,"£9,212.50 ",RIS PRODUCTS LTD,CONTRACTED SERVICES,PUBLIC HEALTH
Rochdale Borough Council,x1015192,07/02/2018,"£8,827.43 ",SPORT WORKS GTR MANCHESTER LTD,ACTIVITIES,EARLY HELP AND SCHOOLS
Rochdale Borough Council,d1073985,08/02/2018,"£7,330.00 ",UPDATA INFRASTRUCTURE UK LTD,COMMUNICATION AND COMPUTING - GENERAL,NEIGHBOURHOODS AND ENVIRONMENT
Rochdale Borough Council,d1074012,08/02/2018,"£7,300.00 ",STREAMLINE TAXIS,TAXI HIRE,NEIGHBOURHOODS AND ENVIRONMENT
Rochdale Borough Council,e1025312,08/02/2018,"£195,945.37 ",AXIOM EDUCATION ROCHDALE LIMITED,NEW CONSTRUCTION,EARLY HELP AND SCHOOLS
Rochdale Borough Council,r1001778,08/02/2018,"£23,725.98 ",BRAHM FUNDCO 2 LTD,PFI SCHEMES RPI,ECONOMY DIRECTORATE
Rochdale Borough Council,s1022553,08/02/2018,"£19,416.00 ",HIGH BARN CONSTRUCTION LIMITED,MINOR BUILDING WORKS,PHYSICAL DIS & OLDER PEOPLE
Rochdale Borough Council,s1022556,08/02/2018,"£5,903.00 ",STANNAH LIFT SERVICES LTD,MINOR BUILDING WORKS,PHYSICAL DIS & OLDER PEOPLE
Rochdale Borough Council,w1001856,08/02/2018,"£8,385.67 ",PENNINE CARE NHS,CONTRACTS,BETTER CARE FUND POOLED BUDGET
Rochdale Borough Council,w1001857,08/02/2018,"£8,385.67 ",PENNINE CARE NHS,CONTRACTS,BETTER CARE FUND POOLED BUDGET
Rochdale Borough Council,w1001858,08/02/2018,"£8,385.67 ",PENNINE CARE NHS,CONTRACTS,BETTER CARE FUND POOLED BUDGET
Rochdale Borough Council,w1001859,08/02/2018,"£96,131.52 ",ROSS CARE,OTHER AGENCIES,BETTER CARE FUND POOLED BUDGET
Rochdale Borough Council,d1074048,09/02/2018,"£5,175.00 ",COLLIE COMPUTING LTD,TRAINING-NON QUALIFICATION,NEIGHBOURHOODS AND ENVIRONMENT
Rochdale Borough Council,d1074049,09/02/2018,"£17,582.29 ",FREEDOM COMMUNICATIONS,IT MAINTENANCE,NEIGHBOURHOODS AND ENVIRONMENT
Rochdale Borough Council,d1074066,09/02/2018,"£7,268.00 ",BRIDGEALL LIBRARIES LTD,REFERENCE BOOKS/NEWSPAPERS/PERIODICALS,NEIGHBOURHOODS AND ENVIRONMENT
Rochdale Borough Council,e1025321,09/02/2018,"£31,320.00 ",PANORAMIC ASSOCIATES LTD,AGENCY STAFF,EARLY HELP AND SCHOOLS
Rochdale Borough Council,e1025322,09/02/2018,"£12,500.00 ",PANORAMIC ASSOCIATES LTD,AGENCY STAFF,EARLY HELP AND SCHOOLS
Rochdale Borough Council,e1025328,09/02/2018,"£697,601.26 ",AXIOM EDUCATION ROCHDALE LIMITED,PFI SCHEMES RPIX,EARLY HELP AND SCHOOLS
Rochdale Borough Council,e1025329,09/02/2018,"£409,856.13 ",INSPIREDSPACES ROCHDALE PROJECTCO2 LTD,PFI SCHEMES RPIX,EARLY HELP AND SCHOOLS
Rochdale Borough Council,e1025330,09/02/2018,"£334,764.35 ",INSPIREDSPACES ROCHDALE PROJECT CO1 LTD,PFI SCHEMES RPIX,EARLY HELP AND SCHOOLS
Rochdale Borough Council,f1006221,09/02/2018,"£5,780.00 ",NORTHGATE PUBLIC SERVICES UK LTD,SOFTWARE,RESOURCES
Rochdale Borough Council,s1022564,09/02/2018,"£5,908.80 ",ROCHDALE BOROUGHWIDE HOUSING,EXPENSES - GENERAL,LEARNING DIS & MENTAL HEALTH
Rochdale Borough Council,d1074089,12/02/2018,"£5,000.00 ",OLDHAM COUNCIL,TRAINING,PROPERTY AND HIGHWAYS
Rochdale Borough Council,f1006224,12/02/2018,"£5,700.00 ",BREEZE LIMITED,POSTAGE,RESOURCES
Rochdale Borough Council,f1006225,12/02/2018,"£22,032.21 ",WIGAN BOROUGH COUNCIL,ADVERTISING -STAFF,RESOURCES
Rochdale Borough Council,d1074106,13/02/2018,"£6,500.00 ",BUREAU VAN DIJK ELECTRONIC PUBLISHING,EXPENSES - GENERAL,ECONOMY DIRECTORATE
Rochdale Borough Council,d1074120,13/02/2018,"£20,000.00 ",TEAM NETSOL LTD,SOFTWARE,NEIGHBOURHOODS AND ENVIRONMENT
Rochdale Borough Council,d1074128,13/02/2018,"£17,394.08 ",DELMATIC LIGHTING MANAGEMENT,MINOR BUILDING WORKS,PROPERTY AND HIGHWAYS
Rochdale Borough Council,d1074131,13/02/2018,"£7,326.02 ",NATIONAL CONSORTIUM FOR EXAMINATION RESULTS,SOFTWARE,NEIGHBOURHOODS AND ENVIRONMENT
Rochdale Borough Council,d1074132,13/02/2018,"£62,475.00 ",F S MOULT AND SON,TRANSACTIONS-EXPENDITURE,NEIGHBOURHOODS AND ENVIRONMENT
Rochdale Borough Council,d1074153,14/02/2018,"£13,237.50 ",ROCHDALE TOWN CENTRE MANAGEMENT CO,GRANTS TO THE NON VOLUNTARY SECTOR,ECONOMY DIRECTORATE
Rochdale Borough Council,d1074177,14/02/2018,"£9,500.00 ",F S MOULT AND SON,PROPERTY REFURBISHMENT (HOUSING),NEIGHBOURHOODS AND ENVIRONMENT
Rochdale Borough Council,e1025337,14/02/2018,"£28,729.50 ",AXIOM EDUCATION ROCHDALE LIMITED,MEALS,EARLY HELP AND SCHOOLS
Rochdale Borough Council,e1025341,14/02/2018,"£43,533.18 ",INSPIREDSPACES ROCHDALE LTD,NEW CONSTRUCTION,EARLY HELP AND SCHOOLS
Rochdale Borough Council,f1006233,14/02/2018,"£45,473.68 ",BLOOM PROCUREMENT SERVICES LTD,AGENCY STAFF,RESOURCES
Rochdale Borough Council,f1006234,14/02/2018,"£40,938.16 ",BLOOM PROCUREMENT SERVICES LTD,AGENCY STAFF,RESOURCES
Rochdale Borough Council,d1074204,15/02/2018,"£72,900.00 ",BLACKPOOL  COUNCIL,SOFTWARE,NEIGHBOURHOODS AND ENVIRONMENT
Rochdale Borough Council,d1074205,15/02/2018,"£110,569.00 ",CAPITA BUSINESS SERVICES LIMITED,SOFTWARE,NEIGHBOURHOODS AND ENVIRONMENT
Rochdale Borough Council,e1025352,15/02/2018,"£8,313.00 ",EVIDENCE BASED PSYCHOLOGY HUB LTD,ACTIVITIES,EARLY HELP AND SCHOOLS
Rochdale Borough Council,s1022584,15/02/2018,"£11,617.68 ",CAREWATCH CARE SERVICES LTD,HOME CARE - ADULT SERVICES,PHYSICAL DIS & OLDER PEOPLE
Rochdale Borough Council,s1022586,15/02/2018,"£5,559.00 ",STANNAH LIFT SERVICES LTD,MINOR BUILDING WORKS,PHYSICAL DIS & OLDER PEOPLE
Rochdale Borough Council,d1074235,16/02/2018,"£28,920.00 ",STANDARD FUEL OILS,TRANSACTIONS-EXPENDITURE,NEIGHBOURHOODS AND ENVIRONMENT
Rochdale Borough Council,d1074235,16/02/2018,"£28,920.00 ",STANDARD FUEL OILS,TRANSACTIONS-EXPENDITURE,NEIGHBOURHOODS AND ENVIRONMENT
Rochdale Borough Council,s1022589,16/02/2018,"£5,316.00 ",STANNAH LIFT SERVICES LTD,MINOR BUILDING WORKS,PHYSICAL DIS & OLDER PEOPLE
Rochdale Borough Council,d1074266,19/02/2018,"£5,705.00 ",COLLIE COMPUTING LTD,TRAINING-NON QUALIFICATION,NEIGHBOURHOODS AND ENVIRONMENT
Rochdale Borough Council,d1074276,19/02/2018,"£5,000.00 ",OLDHAM COUNCIL,TRAINING,PROPERTY AND HIGHWAYS
Rochdale Borough Council,e1025354,19/02/2018,"£10,075.00 ",INSPIREDSPACES ROCHDALE LTD,LEGAL SERVICES EXTERNAL,EARLY HELP AND SCHOOLS
Rochdale Borough Council,e1025355,19/02/2018,"£11,755.20 ",INSPIREDSPACES ROCHDALE LTD,LEGAL SERVICES EXTERNAL,EARLY HELP AND SCHOOLS
Rochdale Borough Council,e1025356,19/02/2018,"£99,236.96 ",INSPIREDSPACES ROCHDALE LTD,NEW CONSTRUCTION,EARLY HELP AND SCHOOLS
Rochdale Borough Council,e1025359,19/02/2018,"£11,656.67 ",THE ROYAL NATIONAL COLLEGE FOR THE BLIND,OTHER EST - SEN PROVISION,EARLY HELP AND SCHOOLS
Rochdale Borough Council,e1025366,19/02/2018,"£10,276.17 ",AXIOM EDUCATION ROCHDALE LIMITED,WATER CHARGES,EARLY HELP AND SCHOOLS
Rochdale Borough Council,w1001863,19/02/2018,"£8,375.01 ",NHS HEYWOOD MIDDLETON AND ROCHDALE CCG,PERSONAL BUDGETS - MANAGED,LEARNING DIS & MENTAL HEALTH
Rochdale Borough Council,e1025371,20/02/2018,"£7,850.00 ",ROSS CARE,EQUIPMENT - GENERAL,EARLY HELP AND SCHOOLS
Rochdale Borough Council,ph102552,20/02/2018,"£33,617.00 ",PENNINE CARE NHS,PH PENNINE CARE CONTRACT,PUBLIC HEALTH
Rochdale Borough Council,s1022591,20/02/2018,"£5,117.00 ",STANNAH LIFT SERVICES LTD,MINOR BUILDING WORKS,PHYSICAL DIS & OLDER PEOPLE
Rochdale Borough Council,w1001864,20/02/2018,"£8,385.67 ",PENNINE CARE NHS,CONTRACTS,BETTER CARE FUND POOLED BUDGET
Rochdale Borough Council,w1001865,20/02/2018,"£469,637.00 ",THE PENNINE ACUTE HOSPITALS NHS TRUST,CONTRACTS,BETTER CARE FUND POOLED BUDGET
Rochdale Borough Council,w1001866,20/02/2018,"£469,637.00 ",THE PENNINE ACUTE HOSPITALS NHS TRUST,CONTRACTS,BETTER CARE FUND POOLED BUDGET
Rochdale Borough Council,d1074342,21/02/2018,"£20,500.00 ",GRAVITAS RECRUITMENT GROUP,AGENCY STAFF,NEIGHBOURHOODS AND ENVIRONMENT
Rochdale Borough Council,d1074347,21/02/2018,"£5,503.44 ",NILFISK OUTDOOR PRODUCTS,VEHICLE MAINTENANCE,NEIGHBOURHOODS AND ENVIRONMENT
Rochdale Borough Council,d1074350,21/02/2018,"£7,904.50 ",H BELL AND SONS ROCHDALE LTD,REPAIRS & ALTS OF BUILDINGS,NEIGHBOURHOODS AND ENVIRONMENT
Rochdale Borough Council,d1074354,21/02/2018,"£5,757.50 ",BARRACUDA NETWORKS INC,SOFTWARE,NEIGHBOURHOODS AND ENVIRONMENT
Rochdale Borough Council,d1074368,21/02/2018,"£30,748.06 ",IMOSPHERE LIMITED,IT MAINTENANCE,LEARNING DIS & MENTAL HEALTH
Rochdale Borough Council,d1074372,21/02/2018,"£100,000.00 ",ROCHDALE BOROUGHWIDE HOUSING,CONTRACTED SERVICES,NEIGHBOURHOODS AND ENVIRONMENT
Rochdale Borough Council,d1074373,21/02/2018,"£279,579.52 ",COMMUNITY LIGHTING PARTNERSHIP ROCHDALE LTD,PFI SCHEMES RPIX,PROPERTY AND HIGHWAYS
Rochdale Borough Council,e1025374,21/02/2018,"£5,497.87 ",OLDHAM COLLEGE,OTHER EST - SEN PROVISION,EARLY HELP AND SCHOOLS
Rochdale Borough Council,f1006257,21/02/2018,"£220,555.00 ",PENNINE CARE NHS,SERVICE LEVEL AGREEMENTS,CHILDRENíS SOCIAL CARE
Rochdale Borough Council,s1022605,21/02/2018,"£50,000.00 ",UPS BUILDING AND MAINTENANCE LTD,TRANSACTIONS-EXPENDITURE,PHYSICAL DIS & OLDER PEOPLE
Rochdale Borough Council,w1001867,21/02/2018,"£64,888.10 ",ROSS CARE,OTHER AGENCIES,BETTER CARE FUND POOLED BUDGET
Rochdale Borough Council,w1001868,21/02/2018,"£539,205.00 ",THE PENNINE ACUTE HOSPITALS NHS TRUST,CONTRACTS,BETTER CARE FUND POOLED BUDGET
Rochdale Borough Council,d1074385,22/02/2018,"£7,600.00 ",RISUAL LTD,PURCHASE OF ICT HARDWARE,NEIGHBOURHOODS AND ENVIRONMENT
Rochdale Borough Council,d1074392,22/02/2018,"£10,770.00 ",AIRSAFE UK LIMITED,EQUIPMENT - GENERAL,NEIGHBOURHOODS AND ENVIRONMENT
Rochdale Borough Council,d1074398,22/02/2018,"£13,000.00 ",PIPER MUSIC MANAGEMENT LTD,ACTIVITIES,NEIGHBOURHOODS AND ENVIRONMENT
Rochdale Borough Council,d1074407,22/02/2018,"£16,317.00 ",GTM ELECTRICAL SERVICES LIMITED,MINOR BUILDING WORKS,PROPERTY AND HIGHWAYS
Rochdale Borough Council,e1025384,22/02/2018,"£12,105.50 ",OLDHAM COUNCIL,OTHER EST - SEN PROVISION,EARLY HELP AND SCHOOLS
Rochdale Borough Council,e1025388,22/02/2018,"£16,503.00 ",OLDHAM COUNCIL,OTHER EST - SEN PROVISION,EARLY HELP AND SCHOOLS
Rochdale Borough Council,e1025389,22/02/2018,"£37,365.16 ",BURY MBC,OTHER EST - SEN PROVISION,EARLY HELP AND SCHOOLS
Rochdale Borough Council,e1025390,22/02/2018,"£15,648.80 ",JUST TEACHERS LIMITED,AGENCY STAFF,EARLY HELP AND SCHOOLS
Rochdale Borough Council,f1006284,22/02/2018,"£23,940.00 ",CAROLINE BOLTON,PROFESSIONAL FEES,RESOURCES
Rochdale Borough Council,d1074422,23/02/2018,"£14,948.00 ",PROTON SOUTHERN LIMITED,PURCHASE OF FURNITURE AND EQUIPMENT,NEIGHBOURHOODS AND ENVIRONMENT
Rochdale Borough Council,d1074434,23/02/2018,"£21,537.00 ",IDOX SOFTWARE LTD,IT MAINTENANCE,NEIGHBOURHOODS AND ENVIRONMENT
Rochdale Borough Council,d1074435,23/02/2018,"£24,404.50 ",XMA LIMITED,PURCHASE OF ICT HARDWARE,NEIGHBOURHOODS AND ENVIRONMENT
Rochdale Borough Council,d1074441,23/02/2018,"£6,738.30 ",PHOENIX SOFTWARE LIMITED,SOFTWARE,NEIGHBOURHOODS AND ENVIRONMENT
Rochdale Borough Council,d1074442,23/02/2018,"£13,259.00 ",PETRUS,GRANTS TO THE VOLUNTARY SECTOR,NEIGHBOURHOODS AND ENVIRONMENT
Rochdale Borough Council,e1025394,23/02/2018,"£20,446.70 ",AXIOM EDUCATION ROCHDALE LIMITED,"DEV CAP - NEW CONSTRUCTION,CONVERSION",EARLY HELP AND SCHOOLS
Rochdale Borough Council,e1025409,26/02/2018,"£28,881.60 ",DIOCESE OF SALFORD,ARCHITECTS FEES,EARLY HELP AND SCHOOLS
Rochdale Borough Council,e1025410,26/02/2018,"£22,995.00 ",DIOCESE OF SALFORD,ARCHITECTS FEES,EARLY HELP AND SCHOOLS
Rochdale Borough Council,s1022609,26/02/2018,"£5,027.00 ",STANNAH LIFT SERVICES LTD,MINOR BUILDING WORKS,PHYSICAL DIS & OLDER PEOPLE
Rochdale Borough Council,s1022611,26/02/2018,"£5,252.00 ",STANNAH LIFT SERVICES LTD,MINOR BUILDING WORKS,PHYSICAL DIS & OLDER PEOPLE
Rochdale Borough Council,s1022613,26/02/2018,"£5,162.00 ",STANNAH LIFT SERVICES LTD,MINOR BUILDING WORKS,PHYSICAL DIS & OLDER PEOPLE
Rochdale Borough Council,s1022614,26/02/2018,"£5,495.00 ",STANNAH LIFT SERVICES LTD,MINOR BUILDING WORKS,PHYSICAL DIS & OLDER PEOPLE
Rochdale Borough Council,w1001869,26/02/2018,"£91,566.06 ",ROSS CARE,OTHER AGENCIES,BETTER CARE FUND POOLED BUDGET
Rochdale Borough Council,x1015273,26/02/2018,"£6,000.00 ",PARENTS FORUM FOR ROCHDALE HEYWOOD & MIDDLETON,HOME CARE - CHILDRENS SERVICES,EARLY HELP AND SCHOOLS
Rochdale Borough Council,d1074503,27/02/2018,"£11,132.00 ",MHR,SOFTWARE,NEIGHBOURHOODS AND ENVIRONMENT
Rochdale Borough Council,d1074504,27/02/2018,"£11,689.00 ",MHR,SOFTWARE,NEIGHBOURHOODS AND ENVIRONMENT
Rochdale Borough Council,d1074505,27/02/2018,"£69,260.00 ",MHR,SOFTWARE,NEIGHBOURHOODS AND ENVIRONMENT
Rochdale Borough Council,d1074507,27/02/2018,"£68,159.14 ",LIQUIDLOGIC LTD,SOFTWARE,NEIGHBOURHOODS AND ENVIRONMENT
Rochdale Borough Council,d1074508,27/02/2018,"£17,280.18 ",FISCHER EDUCATION PROJECT LTD,SOFTWARE,NEIGHBOURHOODS AND ENVIRONMENT
Rochdale Borough Council,d1074527,27/02/2018,"£7,297.10 ",ROCHDALE HOUSING INITIATIVE,CONDITION SURVEYS,NEIGHBOURHOODS AND ENVIRONMENT
Rochdale Borough Council,ph102570,27/02/2018,"£6,524.00 ",TURNING POINT,CONTRACTED SERVICES,PUBLIC HEALTH
Rochdale Borough Council,d1074569,28/02/2018,"£5,000.00 ",STREAMLINE TAXIS,TAXI HIRE,NEIGHBOURHOODS AND ENVIRONMENT
Rochdale Borough Council,e1025424,28/02/2018,"£54,761.32 ",BURY MBC,OTHER EST - SEN PROVISION,EARLY HELP AND SCHOOLS
Rochdale Borough Council,e1025435,28/02/2018,"£21,200.70 ",AXIOM EDUCATION ROCHDALE LIMITED,"DEV CAP - NEW CONSTRUCTION,CONVERSION",EARLY HELP AND SCHOOLS
Rochdale Borough Council,e1025437,28/02/2018,"£6,329.89 ",AXIOM EDUCATION ROCHDALE LIMITED,"DEV CAP - NEW CONSTRUCTION,CONVERSION",EARLY HELP AND SCHOOLS
Rochdale Borough Council,f1006306,28/02/2018,"£105,167.00 ",TRAFFORD MBC,OTHER LOCAL AUTHORITIES,RESOURCES
Rochdale Borough Council,ph102576,28/02/2018,"£6,232.47 ",BRAHM FUNDCO 1 LTD,RENTS,PUBLIC HEALTH
Rochdale Borough Council,ph102577,28/02/2018,"£17,867.95 ",SAFENET DOMESTIC ABUSE SERVICE,PH OTHER CONTRACTS,PUBLIC HEALTH
Rochdale Borough Council,s1022639,28/02/2018,"£14,000.00 ",ACTION FIRST IPEOPLE LTD,FEES / COMMISSION,PHYSICAL DIS & OLDER PEOPLE
Rochdale Borough Council,s1022640,28/02/2018,"£7,700.00 ",ACTION FIRST IPEOPLE LTD,FEES / COMMISSION,PHYSICAL DIS & OLDER PEOPLE
Rochdale Borough Council,s1022644,28/02/2018,"£13,333.28 ",THE PENNINE ACUTE HOSPITALS NHS TRUST,SERVICE LEVEL AGREEMENTS,PHYSICAL DIS & OLDER PEOPLE
Rochdale Borough Council,s1022645,28/02/2018,"£20,000.00 ",THE PENNINE ACUTE HOSPITALS NHS TRUST,SERVICE LEVEL AGREEMENTS,PHYSICAL DIS & OLDER PEOPLE
Rochdale Borough Council,d1074599,01/03/2018,"£7,250.00 ",SEVEN ARCHITECTURE LTD,ARCHITECTS FEES,EARLY HELP AND SCHOOLS
Rochdale Borough Council,e1025439,01/03/2018,"£306,246.28 ",INSPIREDSPACES ROCHDALE LTD,NEW CONSTRUCTION,EARLY HELP AND SCHOOLS
Rochdale Borough Council,e1025441,01/03/2018,"£37,100.00 ",POSITIVE STEPS,EXTERNALLY MANAGED FUNDS,EARLY HELP AND SCHOOLS
Rochdale Borough Council,x1015293,01/03/2018,"£9,004.00 ",SPORT WORKS GTR MANCHESTER LTD,ACTIVITIES,EARLY HELP AND SCHOOLS
Rochdale Borough Council,ph102580,02/03/2018,"£9,212.50 ",RIS PRODUCTS LTD,CONTRACTED SERVICES,PUBLIC HEALTH
Rochdale Borough Council,x1015296,02/03/2018,"£20,000.00 ",POSITIVE STEPS,ACTIVITIES,EARLY HELP AND SCHOOLS
Rochdale Borough Council,d1074649,05/03/2018,"£21,048.25 ",THE RIVERSIDE GROUP LIMITED,EQUIPMENT - GENERAL,NEIGHBOURHOODS AND ENVIRONMENT
Rochdale Borough Council,d2000007,05/03/2018,"£13,809.20 ",BT WHOLESALE BROADBAND,COMMUNICATION AND COMPUTING - GENERAL,NEIGHBOURHOODS AND ENVIRONMENT
Rochdale Borough Council,ph102582,05/03/2018,"£34,350.89 ",NHS HEYWOOD MIDDLETON AND ROCHDALE CCG,CONTRACTED SERVICES,PUBLIC HEALTH
Rochdale Borough Council,s1022651,05/03/2018,"£10,890.00 ",K P DODD CONSTRUCTION LIMITED,MINOR BUILDING WORKS,PHYSICAL DIS & OLDER PEOPLE
Rochdale Borough Council,s1022660,05/03/2018,"£16,800.00 ",NHS HEYWOOD MIDDLETON AND ROCHDALE CCG,RESIDENTIAL LONG TERM,LEARNING DIS & MENTAL HEALTH
Rochdale Borough Council,x1015300,05/03/2018,"£16,616.00 ",YOUTH JUSTICE BOARD,SERVICE LEVEL AGREEMENTS,CHILDRENíS SOCIAL CARE
Rochdale Borough Council,x1015301,05/03/2018,"£5,539.00 ",YOUTH JUSTICE BOARD,SERVICE LEVEL AGREEMENTS,CHILDRENíS SOCIAL CARE
Rochdale Borough Council,d1074656,06/03/2018,"£7,310.00 ",A B MARKETS,PROFESSIONAL FEES,ECONOMY DIRECTORATE
Rochdale Borough Council,d1074659,06/03/2018,"£10,215.75 ",ROCHDALE DEVELOPMENT AGENCY,MARKETING EXPENDITURE,ECONOMY DIRECTORATE
Rochdale Borough Council,d1074671,06/03/2018,"£17,239.30 ",ROCHDALE BOROUGHWIDE HOUSING,CONTRACTED SERVICES,NEIGHBOURHOODS AND ENVIRONMENT
Rochdale Borough Council,d2000008,06/03/2018,"£5,155.00 ",OXFORD COMPUTER CONSULTANTS LIMITED,SOFTWARE,NEIGHBOURHOODS AND ENVIRONMENT
Rochdale Borough Council,d2000012,06/03/2018,"£37,920.00 ",BLUERAQ NETWORKS LTD,SOFTWARE,NEIGHBOURHOODS AND ENVIRONMENT
Rochdale Borough Council,d2000013,06/03/2018,"£16,708.00 ",CIVICA UK LIMITED,SOFTWARE,NEIGHBOURHOODS AND ENVIRONMENT
Rochdale Borough Council,e1025478,06/03/2018,"£10,000.00 ",SUPPLY DESK,INDEPENDENT UNITS,EARLY HELP AND SCHOOLS
Rochdale Borough Council,e1025479,06/03/2018,"£10,000.00 ",SUPPLY DESK,INDEPENDENT UNITS,EARLY HELP AND SCHOOLS
Rochdale Borough Council,s1022662,06/03/2018,"£6,056.00 ",STANNAH LIFT SERVICES LTD,MINOR BUILDING WORKS,PHYSICAL DIS & OLDER PEOPLE
Rochdale Borough Council,s1022664,06/03/2018,"£5,711.00 ",STANNAH LIFT SERVICES LTD,MINOR BUILDING WORKS,PHYSICAL DIS & OLDER PEOPLE
Rochdale Borough Council,s1022670,06/03/2018,"£6,001.00 ",STANNAH LIFT SERVICES LTD,MINOR BUILDING WORKS,PHYSICAL DIS & OLDER PEOPLE
Rochdale Borough Council,s1022671,06/03/2018,"£6,421.00 ",STANNAH LIFT SERVICES LTD,MINOR BUILDING WORKS,PHYSICAL DIS & OLDER PEOPLE
Rochdale Borough Council,s1022672,06/03/2018,"£5,996.00 ",STANNAH LIFT SERVICES LTD,MINOR BUILDING WORKS,PHYSICAL DIS & OLDER PEOPLE
Rochdale Borough Council,s1022683,06/03/2018,"£5,687.00 ",STANNAH LIFT SERVICES LTD,MINOR BUILDING WORKS,PHYSICAL DIS & OLDER PEOPLE
Rochdale Borough Council,s1022685,06/03/2018,"£5,499.00 ",STANNAH LIFT SERVICES LTD,MINOR BUILDING WORKS,PHYSICAL DIS & OLDER PEOPLE
Rochdale Borough Council,w1001873,06/03/2018,"£25,750.00 ",THE STROKE ASSOCIATION,VOLUNTARY ASSOCIATIONS,BETTER CARE FUND POOLED BUDGET
Rochdale Borough Council,x1015313,06/03/2018,"£9,000.00 ",BARNARDOS,ADOPTION PAYMENTS,CHILDRENíS SOCIAL CARE
Rochdale Borough Council,x1015314,06/03/2018,"£18,000.00 ",BARNARDOS,ADOPTION PAYMENTS,CHILDRENíS SOCIAL CARE
Rochdale Borough Council,x1015318,06/03/2018,"£25,079.50 ",BURY MBC,CONSULTANT FEES,CHILDRENíS SOCIAL CARE
Rochdale Borough Council,d2000021,07/03/2018,"£23,400.00 ",RISUAL LTD,SOFTWARE,NEIGHBOURHOODS AND ENVIRONMENT
Rochdale Borough Council,d2000022,07/03/2018,"£9,520.00 ",FREEDOM COMMUNICATIONS,IT MAINTENANCE,NEIGHBOURHOODS AND ENVIRONMENT
Rochdale Borough Council,d3000016,07/03/2018,"£21,457.30 ",TRULINE CONSTRUCTION AND INTERIOR SERVICES LTD,MINOR BUILDING WORKS,PROPERTY AND HIGHWAYS
Rochdale Borough Council,e1025495,07/03/2018,"£29,400.00 ",CAPITA BUSINESS SERVICES LIMITED,SOFTWARE,EARLY HELP AND SCHOOLS
Rochdale Borough Council,f1006318,07/03/2018,"£9,150.00 ",NORTHGATE PUBLIC SERVICES UK LTD,SOFTWARE,RESOURCES
Rochdale Borough Council,d1074707,08/03/2018,"£20,000.00 ",ROCHDALE DEVELOPMENT AGENCY,CONSULTANTS FEES,ECONOMY DIRECTORATE
Rochdale Borough Council,d2000029,08/03/2018,"£10,000.00 ",QA LTD,TRAINING,NEIGHBOURHOODS AND ENVIRONMENT
Rochdale Borough Council,d2000033,08/03/2018,"£55,882.00 ",UPDATA INFRASTRUCTURE UK LTD,COMMUNICATION AND COMPUTING - GENERAL,NEIGHBOURHOODS AND ENVIRONMENT
Rochdale Borough Council,e1025504,08/03/2018,"£99,329.79 ",INSPIREDSPACES ROCHDALE LTD,NEW CONSTRUCTION,EARLY HELP AND SCHOOLS
Rochdale Borough Council,e1025509,08/03/2018,"£6,757.56 ",ACCESS TO MUSIC LTD,OTHER EST - SEN PROVISION,EARLY HELP AND SCHOOLS
Rochdale Borough Council,f1006324,08/03/2018,"£100,000.00 ",MANCHESTER CITY COUNCIL,FEES / COMMISSION,RESOURCES
Rochdale Borough Council,f1006330,08/03/2018,"£7,000.00 ",MS LOUISE QUIGLEY,PROFESSIONAL FEES,RESOURCES
Rochdale Borough Council,f1006331,08/03/2018,"£187,116.24 ",MANCHESTER CITY COUNCIL,CONTRACTS,RESOURCES
Rochdale Borough Council,ph102606,08/03/2018,"£9,071.00 ",PENNINE CARE NHS,PH PENNINE CARE CONTRACT,PUBLIC HEALTH
Rochdale Borough Council,r1001795,08/03/2018,"£36,000.00 ",TRANSPORT FOR GREATER MANCHESTER,BUS EXPENSES,ECONOMY DIRECTORATE
Rochdale Borough Council,w1001876,08/03/2018,"£16,771.34 ",PENNINE CARE NHS,CONTRACTS,BETTER CARE FUND POOLED BUDGET
Rochdale Borough Council,w1001877,08/03/2018,"£7,987.26 ",PENNINE CARE NHS,CONTRACTS,BETTER CARE FUND POOLED BUDGET
Rochdale Borough Council,w1001878,08/03/2018,"£8,385.67 ",PENNINE CARE NHS,CONTRACTS,BETTER CARE FUND POOLED BUDGET
Rochdale Borough Council,d1074713,09/03/2018,"£45,000.00 ",THE BOND BOARD LIMITED,GRANTS TO OTHER BODIES,NEIGHBOURHOODS AND ENVIRONMENT
Rochdale Borough Council,e1025514,09/03/2018,"£409,856.13 ",INSPIREDSPACES ROCHDALE PROJECTCO2 LTD,PFI SCHEMES RPIX,EARLY HELP AND SCHOOLS
Rochdale Borough Council,e1025515,09/03/2018,"£334,764.35 ",INSPIREDSPACES ROCHDALE PROJECT CO1 LTD,PFI SCHEMES RPIX,EARLY HELP AND SCHOOLS
Rochdale Borough Council,e1025516,09/03/2018,"£697,649.15 ",AXIOM EDUCATION ROCHDALE LIMITED,PFI SCHEMES RPIX,EARLY HELP AND SCHOOLS
Rochdale Borough Council,s1022714,09/03/2018,"£163,390.76 ",N COMPASS,CONTRACTS,BETTER CARE FUND POOLED BUDGET
Rochdale Borough Council,s1022715,09/03/2018,"£80,000.00 ",ROSS CARE,GRANTS TO OTHER BODIES,PHYSICAL DIS & OLDER PEOPLE
Rochdale Borough Council,d1074729,12/03/2018,"£40,604.43 ",CARIBOU GREEN WARMTH LLP,GRANTS TO THE NON VOLUNTARY SECTOR,NEIGHBOURHOODS AND ENVIRONMENT
Rochdale Borough Council,d1074740,12/03/2018,"£9,125.00 ",ROCHDALE MEMORIAL SERVICE LTD,FIXTURES & FITTINGS,NEIGHBOURHOODS AND ENVIRONMENT
Rochdale Borough Council,d3000025,12/03/2018,"£58,886.00 ",J GREENWOOD (BUILDERS) LIMITED,MINOR BUILDING WORKS,EARLY HELP AND SCHOOLS
Rochdale Borough Council,e1025520,12/03/2018,"£29,952.70 ",AXIOM EDUCATION ROCHDALE LIMITED,MEALS,EARLY HELP AND SCHOOLS
Rochdale Borough Council,f1006341,12/03/2018,"£12,816.28 ",PHYSICAL COMPANY,PURCHASE OF FURNITURE AND EQUIPMENT,PUBLIC HEALTH
Rochdale Borough Council,r1001796,12/03/2018,"£145,253.23 ",CANAL & RIVER TRUST,ROCHDALE CANAL MAINTENANCE,ECONOMY DIRECTORATE
Rochdale Borough Council,r1001799,12/03/2018,"£8,250.00 ",WILDE CONSULTING ENGINEERS,ROADWORKS,PROPERTY AND HIGHWAYS
Rochdale Borough Council,r1001801,12/03/2018,"£145,253.23 ",CANAL & RIVER TRUST,ROCHDALE CANAL MAINTENANCE,ECONOMY DIRECTORATE
Rochdale Borough Council,s1022720,12/03/2018,"£5,972.00 ",STANNAH LIFT SERVICES LTD,MINOR BUILDING WORKS,PHYSICAL DIS & OLDER PEOPLE
Rochdale Borough Council,d2000041,13/03/2018,"£5,462.71 ",GAMMA BUSINESS COMMUNICATIONS,COMMUNICATION AND COMPUTING - GENERAL,NEIGHBOURHOODS AND ENVIRONMENT
Rochdale Borough Council,d2000043,13/03/2018,"£55,882.00 ",UPDATA INFRASTRUCTURE UK LTD,COMMUNICATION AND COMPUTING - GENERAL,NEIGHBOURHOODS AND ENVIRONMENT
Rochdale Borough Council,d3000029,13/03/2018,"£30,924.55 ",J C MILLS & SON LIMITED,MINOR BUILDING WORKS,PROPERTY AND HIGHWAYS
Rochdale Borough Council,ph102614,13/03/2018,"£109,737.18 ",VIRGIN CARE SERVICES LIMITED,VIRGIN CARE,PUBLIC HEALTH
Rochdale Borough Council,r1001803,13/03/2018,"£23,725.98 ",BRAHM FUNDCO 2 LTD,PFI SCHEMES RPI,ECONOMY DIRECTORATE
Rochdale Borough Council,s1022732,13/03/2018,"£9,000.00 ",HEYWOOD MIDDLETON AND ROCHDALE CIRCLE,SERVICE LEVEL AGREEMENTS,PHYSICAL DIS & OLDER PEOPLE
Rochdale Borough Council,d1074785,14/03/2018,"£5,523.75 ",JGM AGENCY,PUBLICITY,NEIGHBOURHOODS AND ENVIRONMENT
Rochdale Borough Council,d1074801,14/03/2018,"£120,000.00 ",ROCHDALE BOROUGHWIDE HOUSING,GRANTS TO OTHER BODIES,NEIGHBOURHOODS AND ENVIRONMENT
Rochdale Borough Council,d1074802,14/03/2018,"£122,500.00 ",ROCHDALE BOROUGHWIDE HOUSING,GRANTS TO OTHER BODIES,NEIGHBOURHOODS AND ENVIRONMENT
Rochdale Borough Council,d1074803,14/03/2018,"£127,500.00 ",ROCHDALE BOROUGHWIDE HOUSING,GRANTS TO OTHER BODIES,NEIGHBOURHOODS AND ENVIRONMENT
Rochdale Borough Council,d1074804,14/03/2018,"£132,500.00 ",ROCHDALE BOROUGHWIDE HOUSING,GRANTS TO OTHER BODIES,NEIGHBOURHOODS AND ENVIRONMENT
Rochdale Borough Council,d1074805,14/03/2018,"£137,500.00 ",ROCHDALE BOROUGHWIDE HOUSING,GRANTS TO OTHER BODIES,NEIGHBOURHOODS AND ENVIRONMENT
Rochdale Borough Council,d1074806,14/03/2018,"£142,500.00 ",ROCHDALE BOROUGHWIDE HOUSING,GRANTS TO OTHER BODIES,NEIGHBOURHOODS AND ENVIRONMENT
Rochdale Borough Council,d1074807,14/03/2018,"£147,500.00 ",ROCHDALE BOROUGHWIDE HOUSING,GRANTS TO OTHER BODIES,NEIGHBOURHOODS AND ENVIRONMENT
Rochdale Borough Council,d1074808,14/03/2018,"£150,000.00 ",ROCHDALE BOROUGHWIDE HOUSING,GRANTS TO OTHER BODIES,NEIGHBOURHOODS AND ENVIRONMENT
Rochdale Borough Council,d2000045,14/03/2018,"£15,810.82 ",IHS GLOBAL LTD,SOFTWARE,NEIGHBOURHOODS AND ENVIRONMENT
Rochdale Borough Council,d2000047,14/03/2018,"£16,708.00 ",CIVICA UK LIMITED,SOFTWARE,NEIGHBOURHOODS AND ENVIRONMENT
Rochdale Borough Council,d2000050,14/03/2018,"£35,284.30 ",XMA LIMITED,PURCHASE OF ICT HARDWARE,NEIGHBOURHOODS AND ENVIRONMENT
Rochdale Borough Council,d2000052,14/03/2018,"£20,000.00 ",IDOX SOFTWARE LTD,SOFTWARE,NEIGHBOURHOODS AND ENVIRONMENT
Rochdale Borough Council,d3000030,14/03/2018,"£9,975.90 ",CLICK FIRE AND SECURITY LTD,MINOR BUILDING WORKS,EARLY HELP AND SCHOOLS
Rochdale Borough Council,d3000036,14/03/2018,"£8,980.29 ",J C MILLS & SON LIMITED,MINOR BUILDING WORKS,PROPERTY AND HIGHWAYS
Rochdale Borough Council,d3000038,14/03/2018,"£20,155.00 ",CALEDONIAN LIFT SERVICES LTD,MINOR BUILDING WORKS,PROPERTY AND HIGHWAYS
Rochdale Borough Council,d4000043,14/03/2018,"£16,500.00 ",SCHNEIDER ELECTRIC LIMITED,SPECIFIED MAINTENANCE,NEIGHBOURHOODS AND ENVIRONMENT
Rochdale Borough Council,f1006352,14/03/2018,"£9,970.37 ",BINDMONT PRINT SERVICES LTD,ELECTION MATERIALS,RESOURCES
Rochdale Borough Council,s1022733,14/03/2018,"£5,484.00 ",STANNAH LIFT SERVICES LTD,MINOR BUILDING WORKS,PHYSICAL DIS & OLDER PEOPLE
Rochdale Borough Council,s1022734,14/03/2018,"£6,151.00 ",STANNAH LIFT SERVICES LTD,MINOR BUILDING WORKS,PHYSICAL DIS & OLDER PEOPLE
Rochdale Borough Council,s1022736,14/03/2018,"£5,466.00 ",STANNAH LIFT SERVICES LTD,MINOR BUILDING WORKS,PHYSICAL DIS & OLDER PEOPLE
Rochdale Borough Council,d1074818,15/03/2018,"£84,482.00 ",OLDHAM AND ROCHDALE GROUNDWORK TRUST LTD,PROPERTY REFURBISHMENT (HOUSING),NEIGHBOURHOODS AND ENVIRONMENT
Rochdale Borough Council,f1006357,15/03/2018,"£5,000.00 ",MS LOUISE QUIGLEY,PROFESSIONAL FEES,RESOURCES
Rochdale Borough Council,r1001804,15/03/2018,"£36,416.00 ",TRANSPORT FOR GREATER MANCHESTER,BUS EXPENSES,ECONOMY DIRECTORATE
Rochdale Borough Council,s1022737,15/03/2018,"£5,261.00 ",STANNAH LIFT SERVICES LTD,MINOR BUILDING WORKS,PHYSICAL DIS & OLDER PEOPLE
Rochdale Borough Council,x1015358,15/03/2018,"£7,580.00 ",NORTH OF ENGLAND TRAINING LTD,TRAINING,CHILDRENíS SOCIAL CARE
Rochdale Borough Council,d3000044,16/03/2018,"£53,000.00 ",F W SHERRATT LTD,ROADWORKS,PROPERTY AND HIGHWAYS
Rochdale Borough Council,e1025568,16/03/2018,"£350,444.09 ",AXIOM EDUCATION ROCHDALE LIMITED,NEW CONSTRUCTION,EARLY HELP AND SCHOOLS
Rochdale Borough Council,ph102630,16/03/2018,"£5,796.00 ",GREATER MANCHESTER MENTAL HEALTH NHS,CONTRACTED SERVICES,PUBLIC HEALTH
Rochdale Borough Council,s1022752,16/03/2018,"£5,431.00 ",STANNAH LIFT SERVICES LTD,MINOR BUILDING WORKS,PHYSICAL DIS & OLDER PEOPLE
Rochdale Borough Council,s1022753,16/03/2018,"£5,746.00 ",STANNAH LIFT SERVICES LTD,MINOR BUILDING WORKS,PHYSICAL DIS & OLDER PEOPLE
Rochdale Borough Council,f1006370,18/03/2018,"£439,546.77 ",GREATER MANCHESTER PENSION FUND,SEVERANCE PAYMENTS,FINANCE CONTROL
Rochdale Borough Council,d1074934,19/03/2018,"£143,724.14 ",CARIBOU GREEN WARMTH LLP,GRANTS TO THE NON VOLUNTARY SECTOR,NEIGHBOURHOODS AND ENVIRONMENT
Rochdale Borough Council,d1074936,19/03/2018,"£13,335.72 ",CARIBOU GREEN WARMTH LLP,GRANTS TO THE NON VOLUNTARY SECTOR,NEIGHBOURHOODS AND ENVIRONMENT
Rochdale Borough Council,d1074940,19/03/2018,"£5,210.00 ",PIONEER TREE SERVICES,EQUIPMENT - GENERAL,NEIGHBOURHOODS AND ENVIRONMENT
Rochdale Borough Council,d2000067,19/03/2018,"£5,040.00 ",STHREE PARTNERSHIP LLP,AGENCY STAFF,NEIGHBOURHOODS AND ENVIRONMENT
Rochdale Borough Council,d2000068,19/03/2018,"£5,199.00 ",ZEN INTERNET LIMITED,COMMUNICATION AND COMPUTING - GENERAL,NEIGHBOURHOODS AND ENVIRONMENT
Rochdale Borough Council,d2000070,19/03/2018,"£6,895.00 ",DOTTED EYES LTD,CONSULTANT FEES,NEIGHBOURHOODS AND ENVIRONMENT
Rochdale Borough Council,d3000051,19/03/2018,"£69,535.73 ",TRULINE CONSTRUCTION AND INTERIOR SERVICES LTD,MINOR BUILDING WORKS,EARLY HELP AND SCHOOLS
Rochdale Borough Council,d3000053,19/03/2018,"£947,863.90 ",LCM GROUP,MINOR BUILDING WORKS,EARLY HELP AND SCHOOLS
Rochdale Borough Council,f1006371,19/03/2018,"£6,399.00 ",HILL DICKINSON LLP,PROFESSIONAL FEES,RESOURCES
Rochdale Borough Council,f1006374,19/03/2018,"£26,862.00 ",LINK4LIFE CHARITY,LINK 4 LIFE CONTRACT,PUBLIC HEALTH
Rochdale Borough Council,ph102633,19/03/2018,"£327,779.00 ",PENNINE CARE NHS,PH PENNINE CARE CONTRACT,PUBLIC HEALTH
Rochdale Borough Council,s1022762,19/03/2018,"£8,050.00 ",ACTION FIRST IPEOPLE LTD,FEES / COMMISSION,PHYSICAL DIS & OLDER PEOPLE
Rochdale Borough Council,x1015377,19/03/2018,"£15,000.00 ",BURY GRAMMAR SCHOOL,INDEPENDENT UNITS,EARLY HELP AND SCHOOLS
Rochdale Borough Council,d3000055,20/03/2018,"£315,327.09 ",COMMUNITY LIGHTING PARTNERSHIP ROCHDALE LTD,PFI SCHEMES RPIX,PROPERTY AND HIGHWAYS
Rochdale Borough Council,d3000056,20/03/2018,"£5,525.00 ",BARRATT AND HUGHES FLOORING,TRANSACTIONS-EXPENDITURE,PROPERTY AND HIGHWAYS
Rochdale Borough Council,ph102639,20/03/2018,"£17,867.95 ",SAFENET DOMESTIC ABUSE SERVICE,PH OTHER CONTRACTS,PUBLIC HEALTH
Rochdale Borough Council,s1022778,20/03/2018,"£10,937.45 ",CAREWATCH CARE SERVICES LTD,HOME CARE - ADULT SERVICES,PHYSICAL DIS & OLDER PEOPLE
Rochdale Borough Council,d1074995,21/03/2018,"£5,000.00 ",REDACTED - PERSONAL DATA,TAXI HIRE,NEIGHBOURHOODS AND ENVIRONMENT
Rochdale Borough Council,d2000082,21/03/2018,"£5,500.00 ",LUTRA CONSULTING,TRAINING,NEIGHBOURHOODS AND ENVIRONMENT
Rochdale Borough Council,e1025604,21/03/2018,"£30,500.00 ",CAPITA CHILDREN`S SERVICES,SOFTWARE,EARLY HELP AND SCHOOLS
Rochdale Borough Council,e1025607,21/03/2018,"£37,100.00 ",POSITIVE STEPS,EXTERNALLY MANAGED FUNDS,EARLY HELP AND SCHOOLS
Rochdale Borough Council,ph102641,21/03/2018,"£9,212.50 ",RIS PRODUCTS LTD,CONTRACTED SERVICES,PUBLIC HEALTH
Rochdale Borough Council,s1022779,21/03/2018,"£50,000.00 ",UPS BUILDING AND MAINTENANCE LTD,MINOR BUILDING WORKS,PHYSICAL DIS & OLDER PEOPLE
Rochdale Borough Council,x1015404,21/03/2018,"£15,000.00 ",ROCHDALE PIONEERS TRUST,COSTS MET BY SCHOOL,EARLY HELP AND SCHOOLS
Rochdale Borough Council,d1075012,22/03/2018,"£5,500.00 ",CAR 2000 HEYWOOD LLP,TAXI HIRE,NEIGHBOURHOODS AND ENVIRONMENT
Rochdale Borough Council,d3000068,22/03/2018,"£29,109.00 ",JACKSON JACKSON AND SONS LTD,MINOR BUILDING WORKS,PROPERTY AND HIGHWAYS
Rochdale Borough Council,e1025619,22/03/2018,"£5,828.00 ",WIGAN BOROUGH COUNCIL,TRAVELLING GENERAL EXPENSES,EARLY HELP AND SCHOOLS
Rochdale Borough Council,f1006384,22/03/2018,"£8,750.00 ",RADCLIFFE CHAMBERS,LEGAL SERVICES - SUPPORT SERVICE,NEIGHBOURHOODS AND ENVIRONMENT
Rochdale Borough Council,ph102643,22/03/2018,"£6,232.47 ",BRAHM FUNDCO 1 LTD,RENTS,PUBLIC HEALTH
Rochdale Borough Council,s1022799,22/03/2018,"£5,066.00 ",STANNAH LIFT SERVICES LTD,MINOR BUILDING WORKS,PHYSICAL DIS & OLDER PEOPLE
Rochdale Borough Council,s1022804,22/03/2018,"£8,120.00 ",NEWLINE ADAPTATIONS LTD,TRANSACTIONS-EXPENDITURE,PHYSICAL DIS & OLDER PEOPLE
Rochdale Borough Council,s1022807,22/03/2018,"£50,000.00 ",UPS BUILDING AND MAINTENANCE LTD,TRANSACTIONS-EXPENDITURE,PHYSICAL DIS & OLDER PEOPLE
Rochdale Borough Council,d3000069,23/03/2018,"£21,000.00 ",F W SHERRATT LTD,ROADWORKS,PROPERTY AND HIGHWAYS
Rochdale Borough Council,d4000090,23/03/2018,"£8,279.99 ",SCHNEIDER ELECTRIC LIMITED,REPAIRS & ALTS OF BUILDINGS,NEIGHBOURHOODS AND ENVIRONMENT
Rochdale Borough Council,f1006385,23/03/2018,"£25,000.00 ",OLDHAM COUNCIL,ACTIVITIES,RESOURCES
Rochdale Borough Council,s1022811,23/03/2018,"£10,015.25 ", NEWMARK CARE LTD,HOME CARE - ADULT SERVICES,PHYSICAL DIS & OLDER PEOPLE
Rochdale Borough Council,s1022817,23/03/2018,"£11,010.00 ",JUST CHECKING LTD,EQUIPMENT - GENERAL,PHYSICAL DIS & OLDER PEOPLE
Rochdale Borough Council,x1015411,23/03/2018,"£9,295.18 ",OLDHAM COUNCIL,CONSULTANT FEES,CHILDRENíS SOCIAL CARE
Rochdale Borough Council,d1075045,26/03/2018,"£5,000.00 ",BIFFA WASTE SERVICES LIMITED,EQUIPMENT - GENERAL,NEIGHBOURHOODS AND ENVIRONMENT
Rochdale Borough Council,d1075047,26/03/2018,"£15,000.00 ",ENTERPRISE MANCHESTER PARTNERSHIP LTD,CONTRACTED SERVICES,NEIGHBOURHOODS AND ENVIRONMENT
Rochdale Borough Council,d2000089,26/03/2018,"£30,000.00 ",QA LTD,TRAINING,NEIGHBOURHOODS AND ENVIRONMENT
Rochdale Borough Council,d2000090,26/03/2018,"£24,448.34 ",PHOENIX SOFTWARE LIMITED,SOFTWARE,NEIGHBOURHOODS AND ENVIRONMENT
Rochdale Borough Council,d2000094,26/03/2018,"£42,058.17 ",CIVICA UK LIMITED,SOFTWARE,NEIGHBOURHOODS AND ENVIRONMENT
Rochdale Borough Council,d3000071,26/03/2018,"£11,233.30 ",GROUNDWORK LANDSCAPES LIMITED,REPAIRS & ALTS OF BUILDINGS,ECONOMY DIRECTORATE
Rochdale Borough Council,d3000073,26/03/2018,"£5,000.00 ",J C MILLS & SON LIMITED,MINOR BUILDING WORKS,PROPERTY AND HIGHWAYS
Rochdale Borough Council,e1025632,26/03/2018,"£94,000.00 ",ROCHDALE PIONEERS TRUST,CURRICULUM DEVELOPMENT,EARLY HELP AND SCHOOLS
Rochdale Borough Council,s1022823,26/03/2018,"£26,584.00 ",N COMPASS,SERVICE LEVEL AGREEMENTS,LEARNING DIS & MENTAL HEALTH
Rochdale Borough Council,s1022834,26/03/2018,"£7,350.00 ",ACTION FIRST IPEOPLE LTD,FEES / COMMISSION,PHYSICAL DIS & OLDER PEOPLE
Rochdale Borough Council,x1015421,26/03/2018,"£5,772.82 ",BOLTON MBC,MARKETING EXPENDITURE,CHILDRENíS SOCIAL CARE
Rochdale Borough Council,x1015422,26/03/2018,"£8,000.00 ",JGM AGENCY,MARKETING EXPENDITURE,CHILDRENíS SOCIAL CARE
Rochdale Borough Council,x1015423,26/03/2018,"£10,032.00 ",SKY UK LTD,MARKETING EXPENDITURE,CHILDRENíS SOCIAL CARE
Rochdale Borough Council,x1015424,26/03/2018,"£18,000.00 ",CARITAS CARE LTD,ADOPTION PAYMENTS,CHILDRENíS SOCIAL CARE
Rochdale Borough Council,x1015425,26/03/2018,"£15,008.00 ",YOUTH JUSTICE BOARD,SERVICE LEVEL AGREEMENTS,CHILDRENíS SOCIAL CARE
Rochdale Borough Council,d1075056,27/03/2018,"£43,290.85 ",RESTORE DOCUMENT MANAGEMENT,DATA COLLECTION,NEIGHBOURHOODS AND ENVIRONMENT
Rochdale Borough Council,d2000095,27/03/2018,"£12,830.60 ",GRAITEC LIMITED,SOFTWARE,NEIGHBOURHOODS AND ENVIRONMENT
Rochdale Borough Council,d3000074,27/03/2018,"£41,127.63 ",ELECTRICITY NORTH WEST LTD,REPAIRS & ALTS OF BUILDINGS,PROPERTY AND HIGHWAYS
Rochdale Borough Council,x1015437,27/03/2018,"£5,772.82 ",BOLTON MBC,MARKETING EXPENDITURE,CHILDRENíS SOCIAL CARE
Rochdale Borough Council,d1075073,28/03/2018,"£44,974.92 ",ROCHDALE HOUSING INITIATIVE,CONDITION SURVEYS,NEIGHBOURHOODS AND ENVIRONMENT
Rochdale Borough Council,d1075092,28/03/2018,"£27,727.00 ",SSI SCHAEFER LIMITED,EQUIPMENT - GENERAL,NEIGHBOURHOODS AND ENVIRONMENT
Rochdale Borough Council,d2000099,28/03/2018,"£14,898.02 ",XN LEISURE SYSTEMS LTD,SOFTWARE,NEIGHBOURHOODS AND ENVIRONMENT
Rochdale Borough Council,d2000101,28/03/2018,"£16,578.85 ",YOTTA LIMITED,SOFTWARE,NEIGHBOURHOODS AND ENVIRONMENT
Rochdale Borough Council,d3000077,28/03/2018,"£37,960.59 ",C E S LTD,MINOR BUILDING WORKS,PROPERTY AND HIGHWAYS
Rochdale Borough Council,d3000083,28/03/2018,"£25,293.49 ",ELECTRICITY NORTH WEST LTD,REPAIRS & ALTS OF BUILDINGS,PROPERTY AND HIGHWAYS
Rochdale Borough Council,d3000084,28/03/2018,"£82,383.28 ",OLDHAM COUNCIL,CONSULTANT FEES,PROPERTY AND HIGHWAYS
Rochdale Borough Council,e1025642,28/03/2018,"£142,843.55 ",INSPIREDSPACES ROCHDALE LTD,NEW CONSTRUCTION,EARLY HELP AND SCHOOLS
Rochdale Borough Council,f1006391,28/03/2018,"£1,866,947.00 ",GMCA,AGMA,FINANCE CONTROL
Rochdale Borough Council,s1022844,28/03/2018,"£6,500.00 ",ROYAL VOLUNTARY SERVICE,SERVICE LEVEL AGREEMENTS,PHYSICAL DIS & OLDER PEOPLE
Rochdale Borough Council,s1022846,28/03/2018,"£15,000.00 ",UPS BUILDING AND MAINTENANCE LTD,MINOR BUILDING WORKS,PHYSICAL DIS & OLDER PEOPLE
Rochdale Borough Council,x1015438,28/03/2018,"£7,000.00 ",SUPPLY DESK,INDEPENDENT UNITS,EARLY HELP AND SCHOOLS
Rochdale Borough Council,d1075107,29/03/2018,"£15,757.00 ",GTM ELECTRICAL SERVICES LIMITED,EQUIPMENT - GENERAL,NEIGHBOURHOODS AND ENVIRONMENT
Rochdale Borough Council,d1075108,29/03/2018,"£6,168.00 ",THE FOUNTAIN COMPANY LTD,EQUIPMENT - GENERAL,NEIGHBOURHOODS AND ENVIRONMENT
Rochdale Borough Council,f1006402,29/03/2018,"£803,994.24 ",GMCA,AGMA,FINANCE CONTROL
Rochdale Borough Council,f1006404,29/03/2018,"£1,866,947.00 ",MANCHESTER CITY COUNCIL,AGMA,FINANCE CONTROL
Rochdale Borough Council,ph102656,29/03/2018,"£5,586.24 ",LIFE FITNESS UK LIMITED,PURCHASE OF FURNITURE AND EQUIPMENT,PUBLIC HEALTH
Rochdale Borough Council,s1022849,29/03/2018,"£10,000.00 ",UPS BUILDING AND MAINTENANCE LTD,MINOR BUILDING WORKS,PHYSICAL DIS & OLDER PEOPLE
Rochdale Borough Council,x1015450,29/03/2018,"£18,058.41 ",WIGAN BOROUGH COUNCIL,OTHER LOCAL AUTHORITIES,CHILDRENíS SOCIAL CARE